uri,Labels
,
at://did:plc:75p4ycy6ai74h6mwqplqdmi7/app.bsky.feed.post/3lzmzfo4qp22d,"sexual violence, trauma discussion"
at://did:plc:swpm6xlcgo5tbzlzs4vuzdbl/app.bsky.feed.post/3m4brg4cems2u,trauma discussion
at://did:plc:lvyuu3eggfexq3poxrm4kuk4/app.bsky.feed.post/3m44jl7j4y225,reputational coercion
at://did:plc:ndm74op46qzw5j6c7pbakti5/app.bsky.feed.post/3m3hh5skw3k2b,"sexual violence, trauma discussion"
at://did:plc:ozw5nhburs566xmmk3myswg3/app.bsky.feed.post/3m22h7abpa22g,sexual violence
at://did:plc:xlb232zxtfgc6wrh5enc5o66/app.bsky.feed.post/3m2kofwwmas2w,sexual violence
,
at://did:plc:w6h6dprbvdrbaidpnbjhj7yi/app.bsky.feed.post/3lc6rq7fmab2z,"sexual violence, trauma discussion"
at://did:plc:yiptdam34dfbdquvfrcc435s/app.bsky.feed.post/3lujs3orukc2d,"sexual violence, trauma discussion"
at://did:plc:w6h6dprbvdrbaidpnbjhj7yi/app.bsky.feed.post/3lbwsw6wnj72n,"sexual violence, trauma discussion"
at://did:plc:dgr553q25lwvfjm44klq24f3/app.bsky.feed.post/3m3ak6v47dc2w,"sexual violence, emotional coercion, trauma discussion"
at://did:plc:jjofr6vvk37mtug7rcb6fcnd/app.bsky.feed.post/3m53rqqbey22g,
at://did:plc:jcv4vlqmnipn2vbw4xdtshw5/app.bsky.feed.post/3lz2mytcz522y,
at://did:plc:olhoiw3u5pzo24d4bw3sqlr5/app.bsky.feed.post/3lxfajwwdgs2w,emotional coercion
at://did:plc:5nlfost6oicrrax3kywh4yuq/app.bsky.feed.post/3m5hfzisous2y,"sexual violence, emotional coercion, trauma discussion"
at://did:plc:yszq3r6es46yc3vffyhwydq7/app.bsky.feed.post/3m5i5rlfmuc2k,sexual violence
at://did:plc:kvec6rzfk4af2gjfiu33ccf2/app.bsky.feed.post/3m45ecmn6z22w,"emotional coercion, sexual violence"
at://did:plc:t6ovl73w7s3j4bgam6v4pcmo/app.bsky.feed.post/3m45bwol3cs2d,reputational coercion
at://did:plc:svcbr5tpi2gd4dm6xyjx7e5c/app.bsky.feed.post/3m4mdrpeaxs2m,"sexual violence, trauma discussion"
at://did:plc:bgkll6a47vtbmsvjhfkovcr2/app.bsky.feed.post/3lcuvofin2s2b,reputational coercion
at://did:plc:rfqzlfnh2i2a5lmueuut66r6/app.bsky.feed.post/3m4tctv3qgt2g,self harm
at://did:plc:mu3dyekqrimz2qc2tvurr6za/app.bsky.feed.post/3m373c2ptsc25,reputational coercion
at://did:plc:ek5vdcqltiymbtqayogvoi7h/app.bsky.feed.post/3lpafwr5ydc2o,reputational coercion
at://did:plc:mp6dvlr7gaikytog5elozahb/app.bsky.feed.post/3m622aggfay2t,traumatic news
at://did:plc:6x76bqs2bvs2426gnxewn65o/app.bsky.feed.post/3m5zdkdrdck2n,traumatic news
at://did:plc:j765jihjrchorjueocxugc4v/app.bsky.feed.post/3m5yzt2xj3s2j,"emotional coercion, fictional depiction"
at://did:plc:653omvkqlu3rjgicdkgj3duy/app.bsky.feed.post/3m5yobdya7227,trauma discussion
at://did:plc:2x3xv7aptrpghf7qquxqezsu/app.bsky.feed.post/3m5ylppujkk2o,"sexual violence, trauma discussion"
at://did:plc:kgjv6morzzkj2ab6mibd7zjt/app.bsky.feed.post/3m5pspox3gk2o,
at://did:plc:ak4tlseblqgsmnq2npd4js27/app.bsky.feed.post/3m5zyniesh226,traumatic news
at://did:plc:lxsue7d6cyqiwpsdr54v2urh/app.bsky.feed.post/3m623kz6chs2u,
at://did:plc:mx6rytey7k2tvqby4kawji6e/app.bsky.feed.post/3m5uosh6vi22r,trauma discussion
at://did:plc:lvzafdtexp3q3ovagbagjwm3/app.bsky.feed.post/3m5sqf6tw7s26,"emotional coercion, trauma discussion"
at://did:plc:36xqkw5n3jz3du3un4grgwxd/app.bsky.feed.post/3m5zesj7p4c2m,trauma discussion
at://did:plc:i26zfzchst6mrhyiosnugasx/app.bsky.feed.post/3m625aiuyj222,traumatic news
at://did:plc:ddn7zs4eaxove3z6fbwztz5i/app.bsky.feed.post/3m623p42luc26,traumatic news
at://did:plc:fcr7kdospn4dtz2scqvm5cwt/app.bsky.feed.post/3m623feplhc24,"sexual violence, trauma discussion"
at://did:plc:frp2zukmaofb6p7ea4qkcfw6/app.bsky.feed.post/3m623cu7fxc26,fictional depiction
at://did:plc:gkl4khzqrca5u37iwr36qqlr/app.bsky.feed.post/3m622pzq5gk2q,traumatic news
at://did:plc:dhxaik3z3xida57qqaqteuqo/app.bsky.feed.post/3m5zzx2bzis24,traumatic news
at://did:plc:nuccyspyff54pudh3ubnvk7a/app.bsky.feed.post/3m5zzqdekfk2d,traumatic news
at://did:plc:c7qcazkvrb3rp3pctlahx5gs/app.bsky.feed.post/3m625f5skkk2r,traumatic news
at://did:plc:s25huwaorfvp24eyglqqcbo4/app.bsky.feed.post/3m6252n5jas2a,trauma discussion
at://did:plc:qi2fe77ebqbh6qzak7xlgcmd/app.bsky.feed.post/3m624rowzxk2l,traumatic news
at://did:plc:x3c2z6siu4yq75dkli5hx5p4/app.bsky.feed.post/3m624quvi522j,traumatic news
at://did:plc:odyylqbzzbkmnijnxdtl2vkb/app.bsky.feed.post/3m624qr2bqs22,traumatic news
at://did:plc:4xtbdet5keuguykxvcuil4z7/app.bsky.feed.post/3m624q6bg7k2n,traumatic news
at://did:plc:r4hagpx47hmve5p47mkgxfrq/app.bsky.feed.post/3m624pkffoc2l,
at://did:plc:2k6avu5mrlxqqwsfceza2g3w/app.bsky.feed.post/3m625edneqp24,traumatic news
at://did:plc:7gl357dq6r7jecauosvoa6bp/app.bsky.feed.post/3m625bmk4522a,traumatic news
at://did:plc:76tku5qb53klubnzbhfzpmld/app.bsky.feed.post/3m62556qc6c2k,traumatic news
at://did:plc:i5t4qscinkcfi6rp2oqt242c/app.bsky.feed.post/3m6252ywzdc2d,traumatic news
at://did:plc:cy2j3ulztfeooybvis5celyt/app.bsky.feed.post/3m624meffgk2w,traumatic news
at://did:plc:duvzntqwbpzjqj4uihdr674a/app.bsky.feed.post/3m624lwxkkc2v,traumatic news
at://did:plc:3awpiioa7f7e4r7r6mlplexf/app.bsky.feed.post/3m623hltpfc2q,
at://did:plc:4ghmx6plcww2525uptqdiiz7/app.bsky.feed.post/3m5wtonkjxc2t,reputational coercion
at://did:plc:4yziotwtkrdmvzixwjtl5ywl/app.bsky.feed.post/3m5zqvocvlk26,emotional coercion
at://did:plc:l45fhznuzaqbiye5prm3kt2r/app.bsky.feed.post/3m5zdcvllsc2t,fictional depiction
at://did:plc:us2wxrifhxja5xxrjaltho4u/app.bsky.feed.post/3m5zyj4l6722i,sexual violence
at://did:plc:xkrwirv5owtpgfq3vkvfdl7z/app.bsky.feed.post/3m5zsvfuepc2p,
at://did:plc:fwohks6s5r5rdcxqx2qqyd4c/app.bsky.feed.post/3m5ymbflbnc2j,emotional coercion
at://did:plc:4wpvbhgxe2yin7s3rdeiy5yo/app.bsky.feed.post/3m5wcur7z5k23,"emotional coercion, trauma discussion"
at://did:plc:gcdv2s56kc5qhpj2foroeaul/app.bsky.feed.post/3m5sf6i4jjc2z,emotional coercion
at://did:plc:bxeg2foduqita7w2uqgbysev/app.bsky.feed.post/3m5r7iaknbk2r,
at://did:plc:dao3msooyfdzmo2pbtbfdpkm/app.bsky.feed.post/3m5zqnyhtik2y,emotional coercion
at://did:plc:yy76zfdybuugy7mgxfwiwv4i/app.bsky.feed.post/3m5zo7w3fv22v,emotional coercion
at://did:plc:6ndw6gynoynzhu2cff7hz6ym/app.bsky.feed.post/3m5zlrizvac22,emotional coercion
at://did:plc:5ueil43ubjzmohs4h2wizxfo/app.bsky.feed.post/3m5zl2gdapk2x,emotional coercion
at://did:plc:iinxcqqtv6balxhcm3wymfm7/app.bsky.feed.post/3m5zhwyo47c2w,"emotional coercion, trauma discussion"
at://did:plc:cwerojw3av7mhlal35bw3nl6/app.bsky.feed.post/3m5zhqh52ok2j,emotional coercion
at://did:plc:h2h6unwdc3ncsoput6d3bygy/app.bsky.feed.post/3m625frscad2m,emotional coercion
at://did:plc:fcyxpyxcfrn7o2osp6tdlxup/app.bsky.feed.post/3m5zzjue6vs2b,emotional coercion
at://did:plc:pe7lpzeydowxgboqjdswnmv2/app.bsky.feed.post/3m5zzgbsg7s2x,emotional coercion
at://did:plc:efmvzvavyv2uz4ofcawlvlyw/app.bsky.feed.post/3m5zz363ajw2u,emotional coercion
at://did:plc:vawbjtrxceidd5hphinnwmzg/app.bsky.feed.post/3m5zyyekcrc2g,emotional coercion
at://did:plc:bimku6xq2nasrsm7csz7nckd/app.bsky.feed.post/3m5zyszq5rk2g,emotional coercion
at://did:plc:fnafv5aftgzipk2ma4gvyifw/app.bsky.feed.post/3m5x564pepc2k,emotional coercion
at://did:plc:cv2po7wsa53hkb3otou2jsof/app.bsky.feed.post/3m5jd5kdw3c2o,emotional coercion
at://did:plc:yr453k27jzcj27yuvhe6fzoz/app.bsky.feed.post/3m56czlktxc2d,emotional coercion
at://did:plc:qe6lkigfogwgsedjvhdramvi/app.bsky.feed.post/3m4yjiqvwe22h,emotional coercion
at://did:plc:pv3dytirkkxh3yxvw2t7kxdz/app.bsky.feed.post/3m4o33lfzbs2d,emotional coercion
at://did:plc:llxrgdokn2vreknqg2qidxst/app.bsky.feed.post/3m4i7f4ndv22f,"emotional coercion, trauma discussion"
at://did:plc:5cx4pzibzpvjfda4ekgprl3o/app.bsky.feed.post/3m624d5z6622k,trauma discussion
at://did:plc:d3mqivaejm2chtqcxt5vkada/app.bsky.feed.post/3m5zntjkylk2d,trauma discussion
at://did:plc:gkl2k25dpld7uhuoke4h52mp/app.bsky.feed.post/3m5zaixwrwk26,trauma discussion
at://did:plc:lzuzlbmudkwy6yeirzcfuurb/app.bsky.feed.post/3m5zabcikxs2n,trauma discussion
at://did:plc:erecice6fxtvnna7ithvhj4g/app.bsky.feed.post/3m624uutykc22,
at://did:plc:km73zrouihe3xr6ibndscmcs/app.bsky.feed.post/3m5zyqrsw4s25,emotional coercion
at://did:plc:wsuqvhbbfpcew3m6beh6bgld/app.bsky.feed.post/3m5zxokks3k23,emotional coercion
at://did:plc:hf3tgiqwvu45ajugrei27fpx/app.bsky.feed.post/3m5zx3g7jb22h,emotional coercion
at://did:plc:2uixaitqztxemkldmpb3zeb7/app.bsky.feed.post/3m5zv3gf4m224,emotional coercion
at://did:plc:qgkhaoi4gwdga2gvb4b7nfng/app.bsky.feed.post/3m5zt2peqrs26,emotional coercion
at://did:plc:rgxifrjz3dnl24uwoi344kbv/app.bsky.feed.post/3m5zswqzymk2a,emotional coercion
at://did:plc:nv7dgehwj5pxxocw3vufktsk/app.bsky.feed.post/3m5zi2iy56l2w,reputational coercion
at://did:plc:4tmkcskpxgzdjqubfq5tuph4/app.bsky.feed.post/3m5yty4mh7s2o,emotional coercion
at://did:plc:hitd5zxjopbti2rqzpwqexna/app.bsky.feed.post/3m5yrkprttc27,emotional coercion
at://did:plc:qn6z3du6jjjmh33oqrxkyagy/app.bsky.feed.post/3m5xl5r4upk2o,emotional coercion
at://did:plc:xpa566cxbane7ryqa4ucb4dn/app.bsky.feed.post/3m5xcec5ibk2n,emotional coercion
at://did:plc:7ezvhnprvvpxwqdncrrqx5w2/app.bsky.feed.post/3m5x4xm5syk2q,emotional coercion
at://did:plc:qhdaarhdcqifrrk2go5tbhs2/app.bsky.feed.post/3m5x2v5cwa22i,emotional coercion
at://did:plc:zs3rpxnmie7jch2funmj5fvq/app.bsky.feed.post/3m5z7vxwlcc2j,
at://did:plc:qsarjddipvcujzgkfmjpzbyb/app.bsky.feed.post/3m5z5rxjyds2y,
at://did:plc:u64dgwgy422jfvigt2ha3koo/app.bsky.feed.post/3m5yqgxrssc25,
at://did:plc:362jgun3je642aevahkfyakw/app.bsky.feed.post/3m5yo7tfq2k2k,
at://did:plc:rmtcpp6jvdh4h2oquytkhqtk/app.bsky.feed.post/3m5yjfvaanc2e,
at://did:plc:rjrskrqzcmxrzgmux2lsyfgu/app.bsky.feed.post/3m5ybhi6o322n,sexual violence
at://did:plc:6df2csvq6bi5rief75fnokyl/app.bsky.feed.post/3m5xs453c4c2b,
at://did:plc:bhc5pmwemgx7f3h3wqbff2rc/app.bsky.feed.post/3m6243nbz6s2u,emotional coercion
at://did:plc:oszxttn236ocx5fdf5o5j5ed/app.bsky.feed.post/3m5zzz236v22t,emotional coercion
at://did:plc:f67ouduosootaublk7yvcuty/app.bsky.feed.post/3m5zzedkyn222,emotional coercion
at://did:plc:l5dsztbrtmkrjyaonsryat7k/app.bsky.feed.post/3m5zx3axaik2o,emotional coercion
at://did:plc:fy6uomcu2u36np5nkt2k33rc/app.bsky.feed.post/3m5ztblq6c22h,emotional coercion
at://did:plc:drydwpe3suwb52rrz74pgxpk/app.bsky.feed.post/3m5zogz7nuk2x,emotional coercion
at://did:plc:bquwi6nvkkfn7ztdu3qoebyu/app.bsky.feed.post/3m5yz5ptse22p,emotional coercion
at://did:plc:gsudo4h7ynrmu6xk6ldvc3yk/app.bsky.feed.post/3m5zunatf5k2v,emotional coercion
at://did:plc:3hz5uyr5hkz6dg5bcfrjisqq/app.bsky.feed.post/3m5zqlnrdfk2f,emotional coercion
at://did:plc:kmeze22tgxnj22ambjlov7io/app.bsky.feed.post/3m5znnb7vcs2o,emotional coercion
at://did:plc:xvort7p4w4bzaazifoouxb5b/app.bsky.feed.post/3m5zehzf2ju2k,"sexual violence, emotional coercion"
at://did:plc:dc6hfkvqvscdcfbhzsdckhtb/app.bsky.feed.post/3m5zcb6nukk2e,emotional coercion
at://did:plc:rfa6antdxeojhtitdxrpmfye/app.bsky.feed.post/3m5zb46kf7k2s,emotional coercion
at://did:plc:uycrfh2w7oygkg4zehunpgcu/app.bsky.feed.post/3m5z3zt232s2f,"emotional coercion, trauma discussion"
at://did:plc:ge7hdux7uzeavfrpw6li7ztq/app.bsky.feed.post/3m5tebje6hb2h,traumatic news
at://did:plc:og6dq5jd4ckogppdlvwt65bp/app.bsky.feed.post/3m5ldjdpvy22z,emotional coercion
at://did:plc:lh3fl4uxz6wwdywhl233ov27/app.bsky.feed.post/3m5klzwwitk27,emotional coercion
at://did:plc:qj3vccg7g2qzybsrldn5wj7h/app.bsky.feed.post/3m5f2sbklx22d,emotional coercion
at://did:plc:sw3eytys4sqezgrv2rv7cuhh/app.bsky.feed.post/3m623447n722r,emotional coercion
at://did:plc:mzh55cfj6opqav4jaano2cms/app.bsky.feed.post/3m5zttwr2is2l,emotional coercion
at://did:plc:p2xcwrd7rmqiqztgtfkkbb5s/app.bsky.feed.post/3m5ziw4bqyk2r,"sexual violence, traumatic news"
at://did:plc:4rhhtjjgsucnkow3h3nno2eh/app.bsky.feed.post/3m5zhl5ezl4d2,"emotional coercion, traumatic news"
at://did:plc:pr2lldqye5muigvtggbe5vu7/app.bsky.feed.post/3m5zangtk2k24,
at://did:plc:kmeze22tgxnj22ambjlov7io/app.bsky.feed.post/3m5znnb7vcs2o,"emotional coercion, traumatic news"
at://did:plc:zgtxn7pjwzslzbutsmyp5mfj/app.bsky.feed.post/3m5z37ywy7k2k,"emotional coercion, traumatic news"
at://did:plc:3sygfcrbcsmybapfnepihb46/app.bsky.feed.post/3m5zz4fdhps2o,reputational coercion
at://did:plc:g5efdi2ousqycb25pla44l2i/app.bsky.feed.post/3m5zyqcq6uc2i,reputational coercion
at://did:plc:mo5slut5hxnws65aqvfppzrs/app.bsky.feed.post/3m5zv3uad7s2r,reputational coercion
at://did:plc:2cagyjqtmxh6frqwlcw2zeeh/app.bsky.feed.post/3m5zuj4ryb22o,reputational coercion
at://did:plc:qb2xezlmigrcfc7api7ti5sh/app.bsky.feed.post/3m5zuafr6lc2z,reputational coercion
at://did:plc:gpj6h2vrw4gbecrzsxj33e2q/app.bsky.feed.post/3m5zpi4x6ss2g,reputational coercion
at://did:plc:6mwbnzni2orzzkw65hk3ykzr/app.bsky.feed.post/3m5zpeirupk2c,reputational coercion
at://did:plc:l6323lk2d4vx5mv4m2ss6soi/app.bsky.feed.post/3m624z7kvhs24,
at://did:plc:izxzl34nvikl3l2tg6jdwqff/app.bsky.feed.post/3m622qcf7nc2h,traumatic news
at://did:plc:5hqdz36hfvydwijcsiyo6cpu/app.bsky.feed.post/3m5zwsrupjs23,traumatic news
at://did:plc:2ebzd33hp2r7rws4rl4rizfl/app.bsky.feed.post/3m623aopa4s2c,
at://did:plc:ak4tlseblqgsmnq2npd4js27/app.bsky.feed.post/3m622kmhfs226,traumatic news
at://did:plc:khssxrydvcapbp23tqkr7qpn/app.bsky.feed.post/3m5zzwuwj7s23,traumatic news
at://did:plc:tn6oakjg25mrw7h7koiezpnw/app.bsky.feed.post/3m5zzl5kgis2c,sexual violence
at://did:plc:ak4tlseblqgsmnq2npd4js27/app.bsky.feed.post/3m5zysiq3mk26,traumatic news
at://did:plc:e62zqjcgentiug5cn563zqei/app.bsky.feed.post/3m5zyzinpgc25,
at://did:plc:dztnobglcuywvvft7ldnyy6f/app.bsky.feed.post/3m5zyhsnas22d,emotional coercion
at://did:plc:rydndcbnolelnenm6pmkzrlk/app.bsky.feed.post/3m5zyemaq5s2c,
at://did:plc:m5mezxrmuvcitxaqsmdalyto/app.bsky.feed.post/3m5zwbtfhgs2a,sexual violence
at://did:plc:hqasq7qsvd7mnqpgefq63r72/app.bsky.feed.post/3m623fxgv6s2w,sexual violence
at://did:plc:qdp4qbcfomsiuq727e7wsj5m/app.bsky.feed.post/3m5yxqfgvhk2f,fictional depiction
at://did:plc:koo7unyovqv7hrhojs2uipul/app.bsky.feed.post/3m5wsfjxwok2u,
at://did:plc:l5o2cf3nyohhoamppxdvlkke/app.bsky.feed.post/3m5wrdko5cs27,
at://did:plc:l5o2cf3nyohhoamppxdvlkke/app.bsky.feed.post/3m5wrcq2kdk27,
at://did:plc:fuoec4w3w63jz3gzzcmoctq6/app.bsky.feed.post/3m5u3psqbqk2p,
at://did:plc:v4hd35iy6v6nanqmosbapt4n/app.bsky.feed.post/3m5tpjbfm7k2j,fictional depiction
at://did:plc:f64357nf7ufcrrxkhaepkhnf/app.bsky.feed.post/3m5zkitzdzk2t,emotional coercion
at://did:plc:jhnxtnubqvp4bebtc53pgcrb/app.bsky.feed.post/3m5z4qak6p22g,emotional coercion
at://did:plc:rhh6lqszy5bzjivqumrpcnmj/app.bsky.feed.post/3m5yst3ryjk2e,emotional coercion
at://did:plc:ulyqvctxfb7kkx2iorqqv5by/app.bsky.feed.post/3m5ydkgxp2k2o,sexual violence
at://did:plc:o3jsffboto7hhe3et6krlyrw/app.bsky.feed.post/3m5ws2c7dec2l,sexual violence
at://did:plc:oetunpozp6fjudghkpo7u3xa/app.bsky.feed.post/3m5wrhuvpu42a,"emotional coercion, sexual violence, traumatic news"
at://did:plc:s2cml53dzz4uhon6e3inf7rp/app.bsky.feed.post/3m5wjbq75t22q,"emotional coercion, sexual violence"
at://did:plc:t3hxm4xzd3mq7eltwlbbanre/app.bsky.feed.post/3m625i6u4ic22,
at://did:plc:mcb6n67plnrlx4lg35natk2b/app.bsky.feed.post/3m624sswyiq2x,
at://did:plc:p3y4ysrka2ki2xux4d3prrrx/app.bsky.feed.post/3m624kytkvc27,emotional coercion