uri,cid,Labels
at://did:plc:75p4ycy6ai74h6mwqplqdmi7/app.bsky.feed.post/3lzmzfo4qp22d,bafyreic454746mr3fqdr4pyjyz5lnvcucszmv6ftxmnmylzergqsg5qo4y,"sexual violence, trauma discussion"
at://did:plc:swpm6xlcgo5tbzlzs4vuzdbl/app.bsky.feed.post/3m4brg4cems2u,bafyreib5syvpj7kk7l3ihwxhlwbpvhjjwuwct7yfqgsobkvxhc42ncwcfq,trauma discussion
at://did:plc:lvyuu3eggfexq3poxrm4kuk4/app.bsky.feed.post/3m44jl7j4y225,bafyreiamx5qcxn4r6kpwheaexr43lnxwo7udwtmhj2hwhzlbo34y4fo6be,reputational coercion
at://did:plc:ozw5nhburs566xmmk3myswg3/app.bsky.feed.post/3m22h7abpa22g,bafyreihy26ebwreu2v3y4uy6ysihgnkth2g5jgzdzd64bjnoloepyaorwq,sexual violence
at://did:plc:xlb232zxtfgc6wrh5enc5o66/app.bsky.feed.post/3m2kofwwmas2w,bafyreic6mmdf35reoq4b2fwqzwauh73z6iqzywfldn5r3lcvk444jte4hy,sexual violence
https://bsky.app/profile/did:plc:w6h6dprbvdrbaidpnbjhj7yi/post/3lbwsw6wnj72n,,
at://did:plc:yiptdam34dfbdquvfrcc435s/app.bsky.feed.post/3lujs3orukc2d,bafyreidoh5jg4cbxodrcphrtazzroomob5nqg2wc4xc2kcin4o4yqcusfq,"sexual violence, traumatic news"
at://did:plc:dgr553q25lwvfjm44klq24f3/app.bsky.feed.post/3m3ak6v47dc2w,bafyreibdta4srcmhkuu6k2ll5nptmvvksqneognikdcxr52iuuhkx5nb2i,"sexual violence, emotional coercion, trauma discussion"
at://did:plc:jjofr6vvk37mtug7rcb6fcnd/app.bsky.feed.post/3m53rqqbey22g,bafyreicfova5er7ahfdabayichkhuryn7zgxrvblulmxdilqxjh3c76cji,sexual violence
at://did:plc:jcv4vlqmnipn2vbw4xdtshw5/app.bsky.feed.post/3lz2mytcz522y,bafyreigbzi2cpnsstged4of7qdq7zzbxc6npbtfn5lre4tsnmcq5zxlhum,emotional coercion
at://did:plc:olhoiw3u5pzo24d4bw3sqlr5/app.bsky.feed.post/3lxfajwwdgs2w,bafyreia2j3otlfuflyuya77nngqlqnpsp7oyo2s74eims6cp5tmaugmeti,emotional coercion
at://did:plc:5nlfost6oicrrax3kywh4yuq/app.bsky.feed.post/3m5hfzisous2y,bafyreibgwhn3pqru4erlz3g7vfs64asy3fc67tymuepxioxtzwsobaf444,"sexual violence, emotional coercion"
at://did:plc:yszq3r6es46yc3vffyhwydq7/app.bsky.feed.post/3m5i5rlfmuc2k,bafyreicc4jlfhikujewit6ad6hvgz7m6iypme5pfcpbfgqpzwizvxokduy,
at://did:plc:kvec6rzfk4af2gjfiu33ccf2/app.bsky.feed.post/3m45ecmn6z22w,bafyreib4hrgyyjr3e4bwwvpm7owd64nepjinacfn53zlxoptmyymgakrbq,"emotional coercion, sexual violence"
at://did:plc:t6ovl73w7s3j4bgam6v4pcmo/app.bsky.feed.post/3m45bwol3cs2d,bafyreif2lyoz26j42dxwucgdupkbfr6qzz37gnvhkxietn6x44lqelr4xa,reputational coercion
at://did:plc:svcbr5tpi2gd4dm6xyjx7e5c/app.bsky.feed.post/3m4mdrpeaxs2m,bafyreiff2ipdl4pvkegvetexzkx3cgo3kz62ibzhnmxebhqyw674rmz3he,"emotional coercion, trauma discussion"
,,
at://did:plc:bgkll6a47vtbmsvjhfkovcr2/app.bsky.feed.post/3lcuvofin2s2b,bafyreigqga54dmhldy3o3lbqlxww5srefkxfno2ynplksd4s4rlqj3kdt4,reputational coercion
at://did:plc:mu3dyekqrimz2qc2tvurr6za/app.bsky.feed.post/3m373c2ptsc25,bafyreiabvm5bl5td753kpkgg24zy4frnpr6phwbngxfkcqjvty6xtsj3ya,reputational coercion
at://did:plc:ek5vdcqltiymbtqayogvoi7h/app.bsky.feed.post/3lpafwr5ydc2o,bafyreididu7vjyg6bamzv5ui6j34gm5epc5hvwx7narisujyssqjl5af5u,reputational coercion
at://did:plc:mp6dvlr7gaikytog5elozahb/app.bsky.feed.post/3m622aggfay2t,bafyreiejd3juuhpq5fr2ahanyvuk262btugm42a6onzqjqfsc62rnichuy,traumatic news
at://did:plc:6x76bqs2bvs2426gnxewn65o/app.bsky.feed.post/3m5zdkdrdck2n,bafyreicpxo7bav3qyf7rr7h4w3ce3yz7yuzmqbsbafx4lokaqo763bgcry,traumatic news
at://did:plc:j765jihjrchorjueocxugc4v/app.bsky.feed.post/3m5yzt2xj3s2j,bafyreifwgvvjbvqn4oaasdwjp5iwheipm2a3bpfap67yheda2hgqbrd6im,"emotional coercion, fictional depiction"
at://did:plc:653omvkqlu3rjgicdkgj3duy/app.bsky.feed.post/3m5yobdya7227,bafyreib6xvtzntpolui44jee2vkumur447yk3d2rbezua7sfljtibkuovi,trauma discussion
at://did:plc:2x3xv7aptrpghf7qquxqezsu/app.bsky.feed.post/3m5ylppujkk2o,bafyreice2zd53ua2fn3umkvlcrw45ig6ag43xebbiz7vycidtnr677wpgu,"sexual violence, trauma discussion"
at://did:plc:kgjv6morzzkj2ab6mibd7zjt/app.bsky.feed.post/3m5pspox3gk2o,bafyreigvc6h75ii4dsipk7jg4lbfaldffzzkefw7vh4qgy3a4jrwjrjrcm,
at://did:plc:ak4tlseblqgsmnq2npd4js27/app.bsky.feed.post/3m5zyniesh226,bafyreih7mcnsvhwsd66u7p5vtpot2b7yhkdwgjy7fts3nt4jgkcvu33koi,traumatic news
at://did:plc:lxsue7d6cyqiwpsdr54v2urh/app.bsky.feed.post/3m623kz6chs2u,bafyreicgmszyw7gg5sugzn3vd2cvfzwtogvfk5nrsoet4l5aownlkauqyq,
at://did:plc:mx6rytey7k2tvqby4kawji6e/app.bsky.feed.post/3m5uosh6vi22r,bafyreiac5pao7cyl5fcqcclk4g64owvenorijt7irgctqv5rfxt6mcs5sa,trauma discussion
at://did:plc:lvzafdtexp3q3ovagbagjwm3/app.bsky.feed.post/3m5sqf6tw7s26,bafyreielk3t4mjhmgo477h4rn6wpd5isj3gpruyjb7izxirmpr75kuyali,"emotional coercion, trauma discussion"
at://did:plc:36xqkw5n3jz3du3un4grgwxd/app.bsky.feed.post/3m5zesj7p4c2m,bafyreibtxiyp4ntda5gkwkuifz6e5c75v7aqjyma2usqvk2e2ikq6xeeu4,trauma discussion
at://did:plc:i26zfzchst6mrhyiosnugasx/app.bsky.feed.post/3m625aiuyj222,bafyreie5raw5fxfmvmlr4ptepaa55rzgcydi4itkqs2siznx62xzybsek4,traumatic news
at://did:plc:ddn7zs4eaxove3z6fbwztz5i/app.bsky.feed.post/3m623p42luc26,bafyreigg2peqias6z54rgt3wx3myxurqlwzwvjg3a2un4b7rydsxpndzsa,traumatic news
at://did:plc:fcr7kdospn4dtz2scqvm5cwt/app.bsky.feed.post/3m623feplhc24,bafyreifr72jzuzp6fnuotlec4hnbvwpmfjs24gtednfr3ic5hux2rszpea,"sexual violence, trauma discussion"
at://did:plc:frp2zukmaofb6p7ea4qkcfw6/app.bsky.feed.post/3m623cu7fxc26,bafyreicyryhwlhk2kg2bsme2nfwvluacwakc4nmylyzo26rabukidsphpm,fictional depiction
at://did:plc:gkl4khzqrca5u37iwr36qqlr/app.bsky.feed.post/3m622pzq5gk2q,bafyreicasixkhxw4areyeptmr6aplsab5ixgwazm2flwhmrizfrud4iuwi,traumatic news
at://did:plc:dhxaik3z3xida57qqaqteuqo/app.bsky.feed.post/3m5zzx2bzis24,bafyreigdvemnojjcwavejkql7c6372opiclpgiph6feteud2aribnbzxfq,traumatic news
at://did:plc:nuccyspyff54pudh3ubnvk7a/app.bsky.feed.post/3m5zzqdekfk2d,bafyreih7nkfvi4ski67s4spiwnhlnuiz2cfxvyfisebqxtanzbnaniyzvi,traumatic news
at://did:plc:c7qcazkvrb3rp3pctlahx5gs/app.bsky.feed.post/3m625f5skkk2r,bafyreien72nqnkurrdfuia5wsbwjlz7bljtnjc4g3fwouuluiz5wwjrtm4,traumatic news
at://did:plc:s25huwaorfvp24eyglqqcbo4/app.bsky.feed.post/3m6252n5jas2a,bafyreia56tkzfh4i5nnonjv2tax6nwsptqptqxngpwg7hywabmruodkt3e,trauma discussion
at://did:plc:qi2fe77ebqbh6qzak7xlgcmd/app.bsky.feed.post/3m624rowzxk2l,bafyreib5kq5dz3pj6mwqrtw5z2fhbsw7m56kt6opeyofcojucv4dlp3avu,traumatic news
at://did:plc:x3c2z6siu4yq75dkli5hx5p4/app.bsky.feed.post/3m624quvi522j,bafyreig7somjqa2ftjuwa4bnqqfxahcjhckcvrn2oqelfpgk5iirdrb3qe,traumatic news
at://did:plc:odyylqbzzbkmnijnxdtl2vkb/app.bsky.feed.post/3m624qr2bqs22,bafyreigifm47tjdu23m6rp2l74y5mug7mf5a3voj667am6edspjxk6lkpe,traumatic news
at://did:plc:4xtbdet5keuguykxvcuil4z7/app.bsky.feed.post/3m624q6bg7k2n,bafyreie2vicipr2zslw2j5xt2rp3hhvxz4p4otxfj32eca5nz2yhjucgbu,traumatic news
at://did:plc:r4hagpx47hmve5p47mkgxfrq/app.bsky.feed.post/3m624pkffoc2l,bafyreigrwpywh35bbav2b6kwvsmn3zek2mws7ofa4s6notvgsjcmyyttme,
at://did:plc:2k6avu5mrlxqqwsfceza2g3w/app.bsky.feed.post/3m625edneqp24,bafyreih75jfjatfo2yhqvazju2izy3sbscucdi2n4d3p3ti4kmk3zcdh5u,traumatic news
at://did:plc:7gl357dq6r7jecauosvoa6bp/app.bsky.feed.post/3m625bmk4522a,bafyreidtbelgbl374p3unpoi24grikmhyy5onwrolosjo2fgf25jjhbwse,traumatic news
at://did:plc:76tku5qb53klubnzbhfzpmld/app.bsky.feed.post/3m62556qc6c2k,bafyreiap2ovfux4rldsiz7ajmsx52pdsnpqav4q4ghw37vuzpat5y3rope,traumatic news
at://did:plc:i5t4qscinkcfi6rp2oqt242c/app.bsky.feed.post/3m6252ywzdc2d,bafyreidzomnunr6qygcavwlw7zpn6xwakvi7b5pawsuzlr5kfh7xw3dluq,traumatic news
at://did:plc:cy2j3ulztfeooybvis5celyt/app.bsky.feed.post/3m624meffgk2w,bafyreifwfonyoexbmzduzf2vpuepwepiyv73tpqc7btz6gnw6fprkcpfje,traumatic news
at://did:plc:duvzntqwbpzjqj4uihdr674a/app.bsky.feed.post/3m624lwxkkc2v,bafyreifciurzkvwesy6b5uhawtdvxgdlwwmbzvkzvl5wtfb3xtpkhksuw4,traumatic news
at://did:plc:3awpiioa7f7e4r7r6mlplexf/app.bsky.feed.post/3m623hltpfc2q,bafyreic2xwevq5jj7zvhsl2plb3dx2lqfwehwraexkppb36hn3ofzrex7u,
at://did:plc:4ghmx6plcww2525uptqdiiz7/app.bsky.feed.post/3m5wtonkjxc2t,bafyreibhakauwqnprjhuvg64g5sim4yue7tij52nyyh5r7y4jdvwglrp6u,reputational coercion
at://did:plc:4yziotwtkrdmvzixwjtl5ywl/app.bsky.feed.post/3m5zqvocvlk26,bafyreihinq7yccbny6xpsy45a4wgv2stdej35zmh5aexsu266d2brzf6eu,emotional coercion
at://did:plc:l45fhznuzaqbiye5prm3kt2r/app.bsky.feed.post/3m5zdcvllsc2t,bafyreiatymbhz7t67bfzzkdrjxptauef6gzjv2ailntfkrsu5l75ge6aaq,fictional depiction
at://did:plc:us2wxrifhxja5xxrjaltho4u/app.bsky.feed.post/3m5zyj4l6722i,bafyreiabor5ipbeygcnfzqok734fnydtzxov5zbj3hkcygsb7fctu3krgi,sexual violence
at://did:plc:xkrwirv5owtpgfq3vkvfdl7z/app.bsky.feed.post/3m5zsvfuepc2p,bafyreiaiccs4hmwpd3y7grh7mkoq2bkxal66gpleuabwwo223p6iqtqbeq,
at://did:plc:fwohks6s5r5rdcxqx2qqyd4c/app.bsky.feed.post/3m5ymbflbnc2j,bafyreidikrhbzagqvvxp7t4v5submg4r2rpm3egd5zoydqrbazjpwyqgwi,emotional coercion
at://did:plc:4wpvbhgxe2yin7s3rdeiy5yo/app.bsky.feed.post/3m5wcur7z5k23,bafyreifeld6b47j3wcis7phfvc6arw7crtqmzgqj4mrwyllleedhoiwjj4,"emotional coercion, trauma discussion"
at://did:plc:gcdv2s56kc5qhpj2foroeaul/app.bsky.feed.post/3m5sf6i4jjc2z,bafyreihhxqiwpklkaxbwixmyom72hf2nfew2tsrwyf66cyyfk7fgtj3sdi,emotional coercion
at://did:plc:bxeg2foduqita7w2uqgbysev/app.bsky.feed.post/3m5r7iaknbk2r,bafyreiakouixcspj7rs6if2qpxx5owuzqivodmyjmd5gkfh5d24zxollea,
at://did:plc:dao3msooyfdzmo2pbtbfdpkm/app.bsky.feed.post/3m5zqnyhtik2y,bafyreicqqk3siqdr5alujuweea4kyas23auiyeo5i6ohqqrth3tn36uthi,emotional coercion
at://did:plc:yy76zfdybuugy7mgxfwiwv4i/app.bsky.feed.post/3m5zo7w3fv22v,bafyreidg4rsq2wutbtldr7fvzirbw4co4upe473ftspqef6sz2wmlcjuge,emotional coercion
at://did:plc:6ndw6gynoynzhu2cff7hz6ym/app.bsky.feed.post/3m5zlrizvac22,bafyreigre6s34zwojjubx2ejfjhk62j4mhtt3365imqg3wketj4upcivhq,emotional coercion
at://did:plc:5ueil43ubjzmohs4h2wizxfo/app.bsky.feed.post/3m5zl2gdapk2x,bafyreidzi2fy6srzfcwrwpiihbglhl2teetx7f2o43gozmlvb4ea56gcey,emotional coercion
at://did:plc:iinxcqqtv6balxhcm3wymfm7/app.bsky.feed.post/3m5zhwyo47c2w,bafyreiaeo7oqwxjartgvl7fbmybg3gffgxeba3wnnqdmcbgfbmvz2xhvje,"emotional coercion, trauma discussion"
at://did:plc:cwerojw3av7mhlal35bw3nl6/app.bsky.feed.post/3m5zhqh52ok2j,bafyreibavbe7wogg3qx7ebfp4oy7gt7fxhaevepkoits2kemcvbp5niu3a,emotional coercion
at://did:plc:h2h6unwdc3ncsoput6d3bygy/app.bsky.feed.post/3m625frscad2m,bafyreidgbicf24qqubcup6c4uczynux6mkdvpfbnlmaycj5yzaosem7ay4,emotional coercion
at://did:plc:fcyxpyxcfrn7o2osp6tdlxup/app.bsky.feed.post/3m5zzjue6vs2b,bafyreift67zlwaptvfelinubjedttxedi7blaerchmrltl4htj7gycvrza,emotional coercion
at://did:plc:pe7lpzeydowxgboqjdswnmv2/app.bsky.feed.post/3m5zzgbsg7s2x,bafyreidgxaypdmkoewh4bynwahwg65heydstna57bv6rplx53576o6f5mm,emotional coercion
at://did:plc:efmvzvavyv2uz4ofcawlvlyw/app.bsky.feed.post/3m5zz363ajw2u,bafyreibgh3ejbrhypz2uozwdmz5cnaxqmfpdytintlqganplu6i7azo2ca,emotional coercion
at://did:plc:vawbjtrxceidd5hphinnwmzg/app.bsky.feed.post/3m5zyyekcrc2g,bafyreibwguspru6bopjitnybwbbe24oipvgr3cpbrmu6pssnbeg4ct3gja,emotional coercion
at://did:plc:bimku6xq2nasrsm7csz7nckd/app.bsky.feed.post/3m5zyszq5rk2g,bafyreibt7bty3u4kn3hxh7lwrhkwot5dvrua4qxfyvz6qyz6abd4pbxbfa,emotional coercion
at://did:plc:fnafv5aftgzipk2ma4gvyifw/app.bsky.feed.post/3m5x564pepc2k,bafyreihcxffoboolnfhjivb5jko7rk3equsak46lljkows3vudixrf5ixy,emotional coercion
at://did:plc:cv2po7wsa53hkb3otou2jsof/app.bsky.feed.post/3m5jd5kdw3c2o,bafyreig4alyrbgd5kzybq624vz37jeieg6axnr6yk4vkxyrc67zasq7kiu,emotional coercion
at://did:plc:yr453k27jzcj27yuvhe6fzoz/app.bsky.feed.post/3m56czlktxc2d,bafyreibup26x3mgkuwelaklfc6vkoau73rxvhmeq5pl27ahqtmq7gadenq,emotional coercion
at://did:plc:qe6lkigfogwgsedjvhdramvi/app.bsky.feed.post/3m4yjiqvwe22h,bafyreiaptye4yasvtppdh2zz4kzotbxtlulqb5k7wfncoqsognfqj6dgzm,emotional coercion
at://did:plc:pv3dytirkkxh3yxvw2t7kxdz/app.bsky.feed.post/3m4o33lfzbs2d,bafyreib6uldlizktt7ilwd4xczwr5y63yjn4cryxq5v36i44zcplwf6g7q,emotional coercion
at://did:plc:llxrgdokn2vreknqg2qidxst/app.bsky.feed.post/3m4i7f4ndv22f,bafyreifivxyqmzi322w4vhswzdqh4xc4g2r432kikbytjohlzj6dttw3ou,"emotional coercion, trauma discussion"
at://did:plc:5cx4pzibzpvjfda4ekgprl3o/app.bsky.feed.post/3m624d5z6622k,bafyreifp7rppiszpseppz4kvjhp6bqygdzjf4x5xyzjrvk64g5pami5qti,trauma discussion
at://did:plc:d3mqivaejm2chtqcxt5vkada/app.bsky.feed.post/3m5zntjkylk2d,bafyreiccpa2metuyls6rz3k5oeradlsika7uetqftgnfayaak2xxhkb6k4,trauma discussion
at://did:plc:gkl2k25dpld7uhuoke4h52mp/app.bsky.feed.post/3m5zaixwrwk26,bafyreiacbz323zjyrjmi6fxjwhce5hcnguntwd4xwdhtrvmp4g2bw7kfzq,trauma discussion
at://did:plc:lzuzlbmudkwy6yeirzcfuurb/app.bsky.feed.post/3m5zabcikxs2n,bafyreig7g6g67csg4droslaysxrtxav33sbotuc7tbmsr3bwpryorow4tu,trauma discussion
at://did:plc:erecice6fxtvnna7ithvhj4g/app.bsky.feed.post/3m624uutykc22,bafyreigrzjye27zjrvrceatc3rlnxnqi5tzrjp7rzyl2hhvv26h5zljdba,
at://did:plc:km73zrouihe3xr6ibndscmcs/app.bsky.feed.post/3m5zyqrsw4s25,bafyreieyoxkbzbxgu2vxdapuwcg6dzpbuk5cdro54akbuyng4jhnmvrnsm,emotional coercion
at://did:plc:wsuqvhbbfpcew3m6beh6bgld/app.bsky.feed.post/3m5zxokks3k23,bafyreihgbvywsktwhw7ldwn34afaoadp3qtne3aj5vohkm53y6oq5e5fui,emotional coercion
at://did:plc:hf3tgiqwvu45ajugrei27fpx/app.bsky.feed.post/3m5zx3g7jb22h,bafyreic6obm4ur7oczuoohd7lf7jkmqwj2jyzfos6dinggu6kgyljgnvda,emotional coercion
at://did:plc:2uixaitqztxemkldmpb3zeb7/app.bsky.feed.post/3m5zv3gf4m224,bafyreiha2uzxcznalhseds536tw7ngfri2o2frunzrwdpn4asmvj3zldom,emotional coercion
at://did:plc:qgkhaoi4gwdga2gvb4b7nfng/app.bsky.feed.post/3m5zt2peqrs26,bafyreiguurhknastlfi2lvweg3wikxqessun562hfpjykknbgmac4efsvy,emotional coercion
at://did:plc:rgxifrjz3dnl24uwoi344kbv/app.bsky.feed.post/3m5zswqzymk2a,bafyreigd32psdjl7shzqntig4ffeoqtwt7tznda4tnqyde6eh4xz2nyvpq,emotional coercion
at://did:plc:nv7dgehwj5pxxocw3vufktsk/app.bsky.feed.post/3m5zi2iy56l2w,bafyreicdcilvoxeggw44t43eiznmt7htcuwofg7yn5jtza5epglv6kk4my,reputational coercion
at://did:plc:4tmkcskpxgzdjqubfq5tuph4/app.bsky.feed.post/3m5yty4mh7s2o,bafyreihl5ncotht4tivfbmdipuljmgas4ler2uyxfc6fiy2rqn5wgywyw4,emotional coercion
at://did:plc:hitd5zxjopbti2rqzpwqexna/app.bsky.feed.post/3m5yrkprttc27,bafyreiepck6pacq3szyjtlxe4zrtl256saeo5vy6z6iqfl2zvpehcmmvbq,emotional coercion
at://did:plc:qn6z3du6jjjmh33oqrxkyagy/app.bsky.feed.post/3m5xl5r4upk2o,bafyreibxwdpjee5fknx6ct3lcqfpwubfsc3oekysf5ueyjposb762m2qz4,emotional coercion
at://did:plc:xpa566cxbane7ryqa4ucb4dn/app.bsky.feed.post/3m5xcec5ibk2n,bafyreie7ergypzm4fe6t6ncys3uigfdumgdsdfbfhvqbhgtru5lctzk5ca,emotional coercion
at://did:plc:7ezvhnprvvpxwqdncrrqx5w2/app.bsky.feed.post/3m5x4xm5syk2q,bafyreiaokueamgvxhenzsjuc5ajyv7xbcuddfh5iuhfuzdpi7c2ymosbam,emotional coercion
at://did:plc:qhdaarhdcqifrrk2go5tbhs2/app.bsky.feed.post/3m5x2v5cwa22i,bafyreihaswsey2gv3nh7uweoauzm37sljcgeimelxv7g5alxuip47b66wu,emotional coercion
at://did:plc:zs3rpxnmie7jch2funmj5fvq/app.bsky.feed.post/3m5z7vxwlcc2j,bafyreiah4cu7dwbofdix2ffolgvqn3bghsz6yx2yd6j5asxyyyfqzo4rrq,
at://did:plc:qsarjddipvcujzgkfmjpzbyb/app.bsky.feed.post/3m5z5rxjyds2y,bafyreia36caafrtji32yznvxlbqtp5t6ymgbz4j2yby75c3ea4uaybimj4,
at://did:plc:u64dgwgy422jfvigt2ha3koo/app.bsky.feed.post/3m5yqgxrssc25,bafyreieagu4ccdxn536mzbfocu4xhpbg2uycexrde2zdcoylqhy4nmnme4,
at://did:plc:362jgun3je642aevahkfyakw/app.bsky.feed.post/3m5yo7tfq2k2k,bafyreibbtbk42mnpnz3hq6uhlmzrbq4jivpkhrvk3wsvk6lc6aytegjz4y,
at://did:plc:rmtcpp6jvdh4h2oquytkhqtk/app.bsky.feed.post/3m5yjfvaanc2e,bafyreigvghxhk7kjfsacp5jzjvrzrgeucghinsjbrqbrchfjuzkqdmychq,
at://did:plc:rjrskrqzcmxrzgmux2lsyfgu/app.bsky.feed.post/3m5ybhi6o322n,bafyreid4q4fjtov7c4wjsf3xalp4lslmw5sp6et4zek6qjnwkh5hpmyyue,sexual violence
at://did:plc:6df2csvq6bi5rief75fnokyl/app.bsky.feed.post/3m5xs453c4c2b,bafyreiej6624fjxqnvjpa7gy3mljomseweu2yzflzdsnq4plrufdtef6zi,
at://did:plc:bhc5pmwemgx7f3h3wqbff2rc/app.bsky.feed.post/3m6243nbz6s2u,bafyreigjzqo3grxkj2ascoy674odpsklypw7663vwkiywkjjeveo2l4ucm,emotional coercion
at://did:plc:oszxttn236ocx5fdf5o5j5ed/app.bsky.feed.post/3m5zzz236v22t,bafyreibulcnnbppxcm6aotxtl6z654xm3s4nteq6qo2e6qlxrbkdsjha2a,emotional coercion
at://did:plc:f67ouduosootaublk7yvcuty/app.bsky.feed.post/3m5zzedkyn222,bafyreieeatz7rxihllfugt5cz6aask6arhzoub4prefttic6a5mti5g5gy,emotional coercion
at://did:plc:l5dsztbrtmkrjyaonsryat7k/app.bsky.feed.post/3m5zx3axaik2o,bafyreibgp7ww6wh6hc3t2yuvxexufonmps7cppizylnwrnxu7gbkpzh2q4,emotional coercion
at://did:plc:fy6uomcu2u36np5nkt2k33rc/app.bsky.feed.post/3m5ztblq6c22h,bafyreiehtnvzq2b4w2usroezfzvnyryiy6fsmjcgkmw3rqzptxt753qcri,emotional coercion
at://did:plc:drydwpe3suwb52rrz74pgxpk/app.bsky.feed.post/3m5zogz7nuk2x,bafyreid2dlp5tabaaxjkmhbyc6tsuw2n6w4h3u5mw6weqnlezqq2z2cbwq,emotional coercion
at://did:plc:bquwi6nvkkfn7ztdu3qoebyu/app.bsky.feed.post/3m5yz5ptse22p,bafyreiezfvnih6qrkybtpevpe7j3y6azstv3i57xczzvmac76h7plkrxza,emotional coercion
at://did:plc:gsudo4h7ynrmu6xk6ldvc3yk/app.bsky.feed.post/3m5zunatf5k2v,bafyreifx5wydkbg4go7pz3jtp3pbgq4pkyie3earqvs6dhdehzwqvluyoe,emotional coercion
at://did:plc:3hz5uyr5hkz6dg5bcfrjisqq/app.bsky.feed.post/3m5zqlnrdfk2f,bafyreifpka2duqulnx23hx5xqkxogtb4h422xhibrswkbbjpdfywsiwjgu,emotional coercion
at://did:plc:kmeze22tgxnj22ambjlov7io/app.bsky.feed.post/3m5znnb7vcs2o,bafyreigvzvifgrnmv7f2nepwkk6gcjbkmpwh4c7m3yh5l3hioa4kc5xouu,emotional coercion
at://did:plc:xvort7p4w4bzaazifoouxb5b/app.bsky.feed.post/3m5zehzf2ju2k,bafyreierfwro77nkhf32rmzqbdwkdmtlrhz7gtycrn7pr5uunjeg2oilje,"sexual violence, emotional coercion"
at://did:plc:dc6hfkvqvscdcfbhzsdckhtb/app.bsky.feed.post/3m5zcb6nukk2e,bafyreidgao5kini47ipuspkusfmq52rtgnejba7h7rgkeb3lohm3hkgr4u,emotional coercion
at://did:plc:rfa6antdxeojhtitdxrpmfye/app.bsky.feed.post/3m5zb46kf7k2s,bafyreicaox6mozeqzkjvin36buvp742pzffegm2pogl4oeectqgexinjjq,emotional coercion
at://did:plc:uycrfh2w7oygkg4zehunpgcu/app.bsky.feed.post/3m5z3zt232s2f,bafyreic4impcvcwxdhl6f33r7co5efmtthifc3zmva33f3esrcamllpvn4,"emotional coercion, trauma discussion"
at://did:plc:ge7hdux7uzeavfrpw6li7ztq/app.bsky.feed.post/3m5tebje6hb2h,bafyreidvaicquuzemdzkvmou7ke6ncxinff77cdtkskh3v3ex6yqlao4bu,traumatic news
at://did:plc:og6dq5jd4ckogppdlvwt65bp/app.bsky.feed.post/3m5ldjdpvy22z,bafyreihmk72kq2jo6e3qdqaxqlfjvt2kykmccjizg7nzm6cjepnybkwt5q,emotional coercion
at://did:plc:lh3fl4uxz6wwdywhl233ov27/app.bsky.feed.post/3m5klzwwitk27,bafyreid5qcxar4ocgsqpdvq7hpt4w5svth5bhxde3ukzped6s3w7ffkzxe,emotional coercion
at://did:plc:qj3vccg7g2qzybsrldn5wj7h/app.bsky.feed.post/3m5f2sbklx22d,bafyreiakkh3w5etqyavlbrn76r4wchk6shkrczfrezskmrnej2ed2ruusq,emotional coercion
at://did:plc:sw3eytys4sqezgrv2rv7cuhh/app.bsky.feed.post/3m623447n722r,bafyreialnb2jmfywra6jmol324qaj2t7bsmdvhyjsqdwj2lln2dqfkk6ge,emotional coercion
at://did:plc:mzh55cfj6opqav4jaano2cms/app.bsky.feed.post/3m5zttwr2is2l,bafyreifbnz4qj5uatbikmre6iilgorjdx76pkc4zpb6uw46hp365tf4voy,emotional coercion
at://did:plc:p2xcwrd7rmqiqztgtfkkbb5s/app.bsky.feed.post/3m5ziw4bqyk2r,bafyreightp4xuf3hk67n7bsrflkci3ejewdpnvggjsqsyr25nvobzhp2iu,"sexual violence, traumatic news"
at://did:plc:4rhhtjjgsucnkow3h3nno2eh/app.bsky.feed.post/3m5zhl5ezl4d2,bafyreihvmxfdtusid327lsudzdx7neu3ozr6mlkgpehvjrvwrkclql3y7m,"emotional coercion, traumatic news"
at://did:plc:pr2lldqye5muigvtggbe5vu7/app.bsky.feed.post/3m5zangtk2k24,bafyreiha6aijgzqaobrwk3rq3gtk3eyhgxrgtz6sx5nloy6kydbd2ffvwq,
at://did:plc:kmeze22tgxnj22ambjlov7io/app.bsky.feed.post/3m5znnb7vcs2o,bafyreigvzvifgrnmv7f2nepwkk6gcjbkmpwh4c7m3yh5l3hioa4kc5xouu,"emotional coercion, traumatic news"
at://did:plc:zgtxn7pjwzslzbutsmyp5mfj/app.bsky.feed.post/3m5z37ywy7k2k,bafyreicu234qbgn27d7u2tn2go7aezt4homrdce5au765iddtistpen6tm,"emotional coercion, traumatic news"
at://did:plc:3sygfcrbcsmybapfnepihb46/app.bsky.feed.post/3m5zz4fdhps2o,bafyreidbx5mo55q4qhe6mkqrqmoww5bmcpsvvrowq4d2mjpuvlziiv5dua,reputational coercion
at://did:plc:g5efdi2ousqycb25pla44l2i/app.bsky.feed.post/3m5zyqcq6uc2i,bafyreifoonv44n3lqpwzbpbfbpqb5z2k5iqebaow4bx6sce4osumdit3py,reputational coercion
at://did:plc:mo5slut5hxnws65aqvfppzrs/app.bsky.feed.post/3m5zv3uad7s2r,bafyreidymdrh6w2u7pa3r2upvyc3ngtyrv6yhcozdxkrsp67t3k3xi7k4u,reputational coercion
at://did:plc:2cagyjqtmxh6frqwlcw2zeeh/app.bsky.feed.post/3m5zuj4ryb22o,bafyreib4e3o3q2bnh3ymhodqovfvyb6gi3x3rsypg3wxcns3blvevsajwe,reputational coercion
at://did:plc:qb2xezlmigrcfc7api7ti5sh/app.bsky.feed.post/3m5zuafr6lc2z,bafyreiepzhsnnlgqn72bcz6xpnw4cshjrbpiai3eejorqtuqven2chb3lq,reputational coercion
at://did:plc:gpj6h2vrw4gbecrzsxj33e2q/app.bsky.feed.post/3m5zpi4x6ss2g,bafyreih4bbro66x4erglwydao2sytexsjeem4vqkdzzuye52tuakstfs3i,reputational coercion
at://did:plc:6mwbnzni2orzzkw65hk3ykzr/app.bsky.feed.post/3m5zpeirupk2c,bafyreicsxyfdxxpjz2npuzcrwfz57duf7r4egflmmzc7lz4mmy4qkhbiru,reputational coercion
at://did:plc:l6323lk2d4vx5mv4m2ss6soi/app.bsky.feed.post/3m624z7kvhs24,bafyreien3tpyompfejdsgetb457qd4ftmejkfnpd66h3d76epvjgvzv4fq,
at://did:plc:izxzl34nvikl3l2tg6jdwqff/app.bsky.feed.post/3m622qcf7nc2h,bafyreifqbay7jliusjatyjmo4cr747hhxbmuafqay6btwmf6n57zyfx424,traumatic news
at://did:plc:5hqdz36hfvydwijcsiyo6cpu/app.bsky.feed.post/3m5zwsrupjs23,bafyreibr3zidbwe4d2g2zsasr3c4w6jbqggbdnhihmthydc5xpr7pc4waq,traumatic news
at://did:plc:2ebzd33hp2r7rws4rl4rizfl/app.bsky.feed.post/3m623aopa4s2c,bafyreiexmtgadb4xetp4fj4sfcfagdpiik3lhxu43cuuhh32agv622vj3a,
at://did:plc:ak4tlseblqgsmnq2npd4js27/app.bsky.feed.post/3m622kmhfs226,bafyreigpryxprlw6zq5nvfj564tqs42ngq62wt2myio3l27cg42bggz76m,traumatic news
at://did:plc:khssxrydvcapbp23tqkr7qpn/app.bsky.feed.post/3m5zzwuwj7s23,bafyreidj3r4vtsxhfbryvw6msvk7zvp44s5qeezkttad7l2ksq4l47wqme,traumatic news
at://did:plc:tn6oakjg25mrw7h7koiezpnw/app.bsky.feed.post/3m5zzl5kgis2c,bafyreic73duyvjf5gllo2t3wi6vboq2ewt6pnuqynkoiogjk33ioaup5ba,sexual violence
at://did:plc:ak4tlseblqgsmnq2npd4js27/app.bsky.feed.post/3m5zysiq3mk26,bafyreididye5elu4ipi5nldcrjwheolksw3gdgu7zczvdejgh2cd5zfx4y,traumatic news
at://did:plc:e62zqjcgentiug5cn563zqei/app.bsky.feed.post/3m5zyzinpgc25,bafyreiar5xkodba5eezo363ak4esowulcgvmwjomjehbpw74yqdb7as2l4,
at://did:plc:dztnobglcuywvvft7ldnyy6f/app.bsky.feed.post/3m5zyhsnas22d,bafyreiaag6u3pls4uz7tfkbmah2vwe4pgtoo2u5ykp4lgz3halngxezq7a,emotional coercion
at://did:plc:rydndcbnolelnenm6pmkzrlk/app.bsky.feed.post/3m5zyemaq5s2c,bafyreiea5ydgidfaquoddw5gfsm47z3q4shbpjl2huxwwxupf6yrhjptf4,
at://did:plc:m5mezxrmuvcitxaqsmdalyto/app.bsky.feed.post/3m5zwbtfhgs2a,bafyreieo5j63p6pyfooxurhngnys4zzspekk2hp2xrcp3prozon7gjk6me,sexual violence
at://did:plc:hqasq7qsvd7mnqpgefq63r72/app.bsky.feed.post/3m623fxgv6s2w,bafyreibhcr56uv6mgvlnrndzbxhjfkrvefybeinmlo56mzdpw22y6fjsu4,sexual violence
at://did:plc:qdp4qbcfomsiuq727e7wsj5m/app.bsky.feed.post/3m5yxqfgvhk2f,bafyreiat46rjcmdlychqoykmum4x3kvsely76qwaassasezh5y2q37npbm,fictional depiction
at://did:plc:koo7unyovqv7hrhojs2uipul/app.bsky.feed.post/3m5wsfjxwok2u,bafyreiaahvpgk3vszck5aqqhiyij7a2coynnffbtjl5rl4upem3t5hpfo4,
at://did:plc:l5o2cf3nyohhoamppxdvlkke/app.bsky.feed.post/3m5wrdko5cs27,bafyreigagp3tkpgbtn2jt5rroklnsrgtw2hpjtvkv5escuqfbzchqqbm5m,
at://did:plc:l5o2cf3nyohhoamppxdvlkke/app.bsky.feed.post/3m5wrcq2kdk27,bafyreifc5uo3x5sqzna43zih7fteqgmuwr432lvmjoeyytbtqak4cymzke,
at://did:plc:fuoec4w3w63jz3gzzcmoctq6/app.bsky.feed.post/3m5u3psqbqk2p,bafyreicgggwx7eqrp2wm3h6ancj262lygp5irkosdwsmxwzzn4v2zfzjfq,
at://did:plc:v4hd35iy6v6nanqmosbapt4n/app.bsky.feed.post/3m5tpjbfm7k2j,bafyreicpcjj6lb6h5sfzwzymoe5hz4uvdeox43bfl6ln5irsduihhmw6ue,fictional depiction
at://did:plc:f64357nf7ufcrrxkhaepkhnf/app.bsky.feed.post/3m5zkitzdzk2t,bafyreiczty7tnywo4pdzcz7e36pf4xp6f5lyibvb6hlt3xvdfmbhhjvkau,emotional coercion
at://did:plc:jhnxtnubqvp4bebtc53pgcrb/app.bsky.feed.post/3m5z4qak6p22g,bafyreianpvf6s2mexx6ez2wbwfkhamw4fahozvisz5am52gahc3tla4uwi,emotional coercion
at://did:plc:rhh6lqszy5bzjivqumrpcnmj/app.bsky.feed.post/3m5yst3ryjk2e,bafyreibr2tvximgtdu7xoruayhc5gigvgr6q2v3atcbtkkcc35f7bzp4h4,emotional coercion
at://did:plc:ulyqvctxfb7kkx2iorqqv5by/app.bsky.feed.post/3m5ydkgxp2k2o,bafyreiaat7oipyco4cgwj3z7nrj3jrrskjbejyfjdpnnnuwvrcc4wyih4m,sexual violence
at://did:plc:o3jsffboto7hhe3et6krlyrw/app.bsky.feed.post/3m5ws2c7dec2l,bafyreibyxtymehe3t4soccsseywrl645qmt5to5ykk4jhze4lwmpxm6p4u,sexual violence
at://did:plc:oetunpozp6fjudghkpo7u3xa/app.bsky.feed.post/3m5wrhuvpu42a,bafyreibsrz7wsuiydnwypdbvlipnoobe3mh3xur5a4felr6md2izaispnm,"emotional coercion, sexual violence, traumatic news"
at://did:plc:s2cml53dzz4uhon6e3inf7rp/app.bsky.feed.post/3m5wjbq75t22q,bafyreihccat6i73ti2tnugy42llksfgoaibzooo7dmpdaxwg46foqe7usi,"emotional coercion, sexual violence"
at://did:plc:t3hxm4xzd3mq7eltwlbbanre/app.bsky.feed.post/3m625i6u4ic22,bafyreieelf5togcl4vdfnxgc4uinc3o46uodbohx4qdleo764ikuypki7e,
at://did:plc:mcb6n67plnrlx4lg35natk2b/app.bsky.feed.post/3m624sswyiq2x,bafyreihfuuchsmv3us6en23yues5gs353epnf5vus4kurqvkk74t2bp4la,
at://did:plc:p3y4ysrka2ki2xux4d3prrrx/app.bsky.feed.post/3m624kytkvc27,bafyreie6vz7jylujdmrz5uomr57sgtmlibewg2hnebqs2u3zfkypx67s4m,emotional coercion